{"duration": 585.2349462509155, "input_args": {"dataset": "         0       1        2        3       4       5        6       7    \\\n0      -7.27   13.37    5.975   21.135   -4.01   13.85   -8.950  -14.50   \n1     -82.48  -40.78  -61.405  -57.600  -55.69  -48.19  -82.710  -78.83   \n2     -29.92  -37.59  -10.255  -36.220  -24.27  -39.99  -46.900  -23.55   \n3      -1.60    8.06   -8.700   14.850  -10.09   -4.87    1.300    1.60   \n4     145.19   60.08   95.710   57.705   40.55  136.69  101.815  145.88   \n...      ...     ...      ...      ...     ...     ...      ...     ...   \n3307   59.14   15.49   35.820   -3.025   -9.07  139.03   16.260   57.00   \n3308  592.96  483.35  773.845  482.205  625.54  643.49  439.185  530.76   \n3309  137.87  140.76  140.430  250.585  112.38  123.83  100.830  126.67   \n3310  199.70   79.20   85.720  138.400  101.26  110.96  233.250  212.76   \n3311   52.66  109.98  102.410  109.785   56.74   50.13   26.170 -147.07   \n\n          8       9    ...     193     194     195     196     197     198  \\\n0      -3.115   10.63  ...   79.90   30.11   32.56   48.24   36.54   80.85   \n1     -62.495  -41.08  ...    1.00  -78.44  -90.12  -85.90  -62.22  -35.04   \n2     -40.665    0.05  ...  -15.97  -36.27  -79.81  -37.65  -64.70   -3.22   \n3       0.270   20.03  ...   22.21   -0.08  -10.76    7.57  -19.90   51.46   \n4     113.120    7.11  ...  193.54  145.20  205.95  176.63  231.87  247.45   \n...       ...     ...  ...     ...     ...     ...     ...     ...     ...   \n3307   -5.350  -38.73  ...  116.37   50.93  162.96  121.22  152.85  146.17   \n3308  551.840  522.02  ...  682.48  766.39  882.12  834.36  940.12  805.23   \n3309   62.470  122.32  ...  151.14  158.03  151.25  162.00  182.78  155.15   \n3310  130.780  128.20  ...  135.88  135.76   96.69  108.15   93.84  215.60   \n3311   95.110    0.05  ...   11.18  103.41  142.80   60.52  114.61  149.44   \n\n         199     200     201     202  \n0      37.00   38.16   41.59   32.94  \n1     -87.87  -75.28  -73.94  -83.34  \n2     -50.57  -74.41  -25.09  -45.81  \n3     -29.05    1.77   26.47   -8.98  \n4     103.13  134.42  135.97  182.88  \n...      ...     ...     ...     ...  \n3307   68.62  -59.70   62.94  119.06  \n3308  761.97  654.68  795.53  959.86  \n3309  104.57  112.73  178.77  127.76  \n3310  121.12   83.24  146.66   83.58  \n3311  227.07  108.39  298.42  133.56  \n\n[3312 rows x 203 columns]"}, "time": 1743145972.4510012}